,drug,generated_coformers,unobstructed,orthogonal_planes,h_bond_bridging,mol,diversity
0,CN1C=NC2=C1C(=O)N(C)C(=O)N2C,C1CCCCCC1,1,1,0,<rdkit.Chem.rdchem.Mol object at 0x000002B89AAFFB70>,0.07892024420479209
1,CN1C=NC2=C1C(=O)N(C)C(=O)N2C,ClC1=CC=C(F)C=C1,1,1,0,<rdkit.Chem.rdchem.Mol object at 0x000002B89AAFFE70>,0.11933179268609245
2,CN1C=NC2=C1C(=O)N(C)C(=O)N2C,CC1CCCCC1,1,1,0,<rdkit.Chem.rdchem.Mol object at 0x000002B89AAFF6F0>,0.0714407291306843
3,CN1C=NC2=C1C(=O)N(C)C(=O)N2C,CC1=CC=C(C)C(C)=C1,1,1,0,<rdkit.Chem.rdchem.Mol object at 0x000002B89AAFF8D0>,0.11062141419571087
4,CN1C=NC2=C1C(=O)N(C)C(=O)N2C,CC(=O)C=CC(=O)O,1,1,0,<rdkit.Chem.rdchem.Mol object at 0x000002B89AAFF450>,0.051985974815069357
5,CN1C=NC2=C1C(=O)N(C)C(=O)N2C,CC1=CC=C(Br)C=C1,1,1,0,<rdkit.Chem.rdchem.Mol object at 0x000002B89AAFFC90>,0.12445990208981235
6,CN1C=NC2=C1C(=O)N(C)C(=O)N2C,IC1=CC=CC=C1F,1,1,0,<rdkit.Chem.rdchem.Mol object at 0x000002B89AAFFAB0>,0.10285743285807841
7,CN1C=NC2=C1C(=O)N(C)C(=O)N2C,CC(C)=CCCCC,1,1,0,<rdkit.Chem.rdchem.Mol object at 0x000002B89AAFFE10>,0.06932370426468773
8,CN1C=NC2=C1C(=O)N(C)C(=O)N2C,IC1=CC(I)=C(C)S1,1,1,0,<rdkit.Chem.rdchem.Mol object at 0x000002B89AAFF750>,0.05637307293934717
9,CN1C=NC2=C1C(=O)N(C)C(=O)N2C,CC1=CC=CC=C1F,1,1,0,<rdkit.Chem.rdchem.Mol object at 0x000002B89AAFFBD0>,0.12166669532315713
10,CN1C=NC2=C1C(=O)N(C)C(=O)N2C,CC1=CC=CS1,1,1,0,<rdkit.Chem.rdchem.Mol object at 0x000002B89AAFFCF0>,0.06646756584489069
11,CN1C=NC2=C1C(=O)N(C)C(=O)N2C,N#CC#N,1,1,0,<rdkit.Chem.rdchem.Mol object at 0x000002B89AAFFDB0>,0.048501399120329865
12,CN1C=NC2=C1C(=O)N(C)C(=O)N2C,CC1=CC=C2C=CC=CC2=C1,1,1,0,<rdkit.Chem.rdchem.Mol object at 0x000002B89D444030>,0.09967552519195803
13,CN1C=NC2=C1C(=O)N(C)C(=O)N2C,CC1=CC(C)=CC(C)=C1,1,1,0,<rdkit.Chem.rdchem.Mol object at 0x000002B89D444090>,0.12236316870161897
14,CN1C=NC2=C1C(=O)N(C)C(=O)N2C,CCC(C)(C)C,1,1,0,<rdkit.Chem.rdchem.Mol object at 0x000002B89D4440F0>,0.07349827318264772
15,CN1C=NC2=C1C(=O)N(C)C(=O)N2C,IC1=CC=C2C=CC=CC2=C1,1,1,0,<rdkit.Chem.rdchem.Mol object at 0x000002B89D444150>,0.08547398658407304
16,CN1C=NC2=C1C(=O)N(C)C(=O)N2C,C#CCl,1,1,0,<rdkit.Chem.rdchem.Mol object at 0x000002B89D4441B0>,0.020267268484849162
17,CN1C=NC2=C1C(=O)N(C)C(=O)N2C,N#CCC#N,1,1,0,<rdkit.Chem.rdchem.Mol object at 0x000002B89D444210>,0.06406192569767913
18,CN1C=NC2=C1C(=O)N(C)C(=O)N2C,BrC1=CC=CC(Cl)=C1,1,1,0,<rdkit.Chem.rdchem.Mol object at 0x000002B89D444270>,0.10465164944175655
19,CN1C=NC2=C1C(=O)N(C)C(=O)N2C,CC1=CC=C1Br,1,1,0,<rdkit.Chem.rdchem.Mol object at 0x000002B89D4442D0>,0.04726625262896848
20,CN1C=NC2=C1C(=O)N(C)C(=O)N2C,C#CC#N,1,1,0,<rdkit.Chem.rdchem.Mol object at 0x000002B89D444330>,0.05506714639623972
21,CN1C=NC2=C1C(=O)N(C)C(=O)N2C,CCC1=CC=CC(C)=C1,1,1,0,<rdkit.Chem.rdchem.Mol object at 0x000002B89D444390>,0.10998263198813513
22,CN1C=NC2=C1C(=O)N(C)C(=O)N2C,C1CCCCC1,1,1,0,<rdkit.Chem.rdchem.Mol object at 0x000002B89D4443F0>,0.08044131974311758
23,CN1C=NC2=C1C(=O)N(C)C(=O)N2C,CC(C)=S,1,1,0,<rdkit.Chem.rdchem.Mol object at 0x000002B89D444450>,0.05467180164437162
24,CN1C=NC2=C1C(=O)N(C)C(=O)N2C,O=C1C=CC=C(I)C=C1,1,1,0,<rdkit.Chem.rdchem.Mol object at 0x000002B89D4444B0>,0.06746761186460247
25,CN1C=NC2=C1C(=O)N(C)C(=O)N2C,IC1=CC=CC=C1,1,1,0,<rdkit.Chem.rdchem.Mol object at 0x000002B89D444510>,0.10292578994217573
26,CN1C=NC2=C1C(=O)N(C)C(=O)N2C,C1=CC=C(C)C=C1,1,1,0,<rdkit.Chem.rdchem.Mol object at 0x000002B89D444570>,0.12935114730403904
27,CN1C=NC2=C1C(=O)N(C)C(=O)N2C,ClC1=CC=C2C=CC=CC2=C1,1,1,0,<rdkit.Chem.rdchem.Mol object at 0x000002B89D4445D0>,0.08773704177478674
28,CN1C=NC2=C1C(=O)N(C)C(=O)N2C,CC1=CC=C(C)C=C1,1,1,0,<rdkit.Chem.rdchem.Mol object at 0x000002B89D444630>,0.12462116956696503
29,CN1C=NC2=C1C(=O)N(C)C(=O)N2C,ClC1=CC=CN=C1,1,1,0,<rdkit.Chem.rdchem.Mol object at 0x000002B89D444690>,0.08041983519341069
30,CN1C=NC2=C1C(=O)N(C)C(=O)N2C,C1=CC=CN=C1,1,1,0,<rdkit.Chem.rdchem.Mol object at 0x000002B89D4446F0>,0.07923953503362723
31,CN1C=NC2=C1C(=O)N(C)C(=O)N2C,CC(=O)OC(N)=S,1,1,0,<rdkit.Chem.rdchem.Mol object at 0x000002B89D444750>,0.0425409715620256
32,CN1C=NC2=C1C(=O)N(C)C(=O)N2C,ICCCCC,1,1,0,<rdkit.Chem.rdchem.Mol object at 0x000002B89D4447B0>,0.07112434678206576
33,CN1C=NC2=C1C(=O)N(C)C(=O)N2C,CCC(C)I,1,1,0,<rdkit.Chem.rdchem.Mol object at 0x000002B89D444810>,0.06257899902560814
34,CN1C=NC2=C1C(=O)N(C)C(=O)N2C,C1=CC=C(C)C(C)=C1,1,1,0,<rdkit.Chem.rdchem.Mol object at 0x000002B89D444870>,0.1167658096715189
35,CN1C=NC2=C1C(=O)N(C)C(=O)N2C,C1=CC=CN1C1=CC=C(F)C=C1,1,1,0,<rdkit.Chem.rdchem.Mol object at 0x000002B89D4448D0>,0.06541700670503975
36,CN1C=NC2=C1C(=O)N(C)C(=O)N2C,C1=CC(Cl)=C(Cl)C(Cl)=C1,1,1,0,<rdkit.Chem.rdchem.Mol object at 0x000002B89D444930>,0.08928174571680755
37,CN1C=NC2=C1C(=O)N(C)C(=O)N2C,CC(C)=O,1,1,0,<rdkit.Chem.rdchem.Mol object at 0x000002B89D444990>,0.06207327235605083
38,CN1C=NC2=C1C(=O)N(C)C(=O)N2C,FC1=CC=CN=C1,1,1,0,<rdkit.Chem.rdchem.Mol object at 0x000002B89D4449F0>,0.0768834566577098
39,CN1C=NC2=C1C(=O)N(C)C(=O)N2C,FC(N)=S,1,1,0,<rdkit.Chem.rdchem.Mol object at 0x000002B89D444A50>,0.01998236596987686
40,CN1C=NC2=C1C(=O)N(C)C(=O)N2C,CN(C)C1=CC=CC=C1Br,1,1,0,<rdkit.Chem.rdchem.Mol object at 0x000002B89D444AB0>,0.061699815119176694
41,CN1C=NC2=C1C(=O)N(C)C(=O)N2C,FC1CCCCC1,1,1,0,<rdkit.Chem.rdchem.Mol object at 0x000002B89D444B10>,0.05621959892289441
42,CN1C=NC2=C1C(=O)N(C)C(=O)N2C,C1CCC(C)(C)C1,1,1,0,<rdkit.Chem.rdchem.Mol object at 0x000002B89D444B70>,0.06535988685095319
43,CN1C=NC2=C1C(=O)N(C)C(=O)N2C,FC1=NC=CS1,1,1,0,<rdkit.Chem.rdchem.Mol object at 0x000002B89D444BD0>,0.040140299689994066
44,CN1C=NC2=C1C(=O)N(C)C(=O)N2C,C1=CC(C)=CS1,1,1,0,<rdkit.Chem.rdchem.Mol object at 0x000002B89D444C30>,0.06429402381505454
45,CN1C=NC2=C1C(=O)N(C)C(=O)N2C,CC1=CC=C2C=C(C)CC2=C1,1,1,0,<rdkit.Chem.rdchem.Mol object at 0x000002B89D444C90>,0.07345587750771988
46,CN1C=NC2=C1C(=O)N(C)C(=O)N2C,I,1,1,0,<rdkit.Chem.rdchem.Mol object at 0x000002B89D444CF0>,0.011904761904761904
47,CN1C=NC2=C1C(=O)N(C)C(=O)N2C,C1=CC=C2C=CC=CC2=C1,1,1,0,<rdkit.Chem.rdchem.Mol object at 0x000002B89D444D50>,0.08147047274518493
48,CN1C=NC2=C1C(=O)N(C)C(=O)N2C,C1=CC=C(I)C=C1,1,1,0,<rdkit.Chem.rdchem.Mol object at 0x000002B89D444DB0>,0.10292578994217573
49,CN1C=NC2=C1C(=O)N(C)C(=O)N2C,N#CC1=CC=C(Cl)C(Cl)=C1,1,1,0,<rdkit.Chem.rdchem.Mol object at 0x000002B89D444E10>,0.09174870915959171
50,CN1C=NC2=C1C(=O)N(C)C(=O)N2C,C#CC#CCl,1,1,0,<rdkit.Chem.rdchem.Mol object at 0x000002B89D444E70>,0.043196022393991715
51,CN1C=NC2=C1C(=O)N(C)C(=O)N2C,IC1=CC=CS1,1,1,0,<rdkit.Chem.rdchem.Mol object at 0x000002B89D444ED0>,0.05705762744882507
52,CN1C=NC2=C1C(=O)N(C)C(=O)N2C,CCCCCCCCCCCCCCCCCCCCCCCC,1,1,0,<rdkit.Chem.rdchem.Mol object at 0x000002B89D444F30>,0.0811169646611655
53,CN1C=NC2=C1C(=O)N(C)C(=O)N2C,FC1=CC=C2C=CC=CC2=C1,1,1,0,<rdkit.Chem.rdchem.Mol object at 0x000002B89D444F90>,0.09111660233857409
54,CN1C=NC2=C1C(=O)N(C)C(=O)N2C,N#CCl,1,1,0,<rdkit.Chem.rdchem.Mol object at 0x000002B89D451030>,0.020391117997657512
55,CN1C=NC2=C1C(=O)N(C)C(=O)N2C,C1=CC=C(C2=CC=C(Cl)C=C2)C=C1,1,1,0,<rdkit.Chem.rdchem.Mol object at 0x000002B89D451090>,0.08047086721207895
56,CN1C=NC2=C1C(=O)N(C)C(=O)N2C,IC1=CC=C2C=C(C)C2=C1,1,1,0,<rdkit.Chem.rdchem.Mol object at 0x000002B89D4510F0>,0.07443073995504444
57,CN1C=NC2=C1C(=O)N(C)C(=O)N2C,IC1=CC=C(F)C=C1,1,1,0,<rdkit.Chem.rdchem.Mol object at 0x000002B89D451150>,0.11134722781324852
58,CN1C=NC2=C1C(=O)N(C)C(=O)N2C,IC1=CC=C2C=C(Br)C=CC2=C1,1,1,0,<rdkit.Chem.rdchem.Mol object at 0x000002B89D4511B0>,0.08902407566121584
59,CN1C=NC2=C1C(=O)N(C)C(=O)N2C,C1CCCC(C)C1,1,1,0,<rdkit.Chem.rdchem.Mol object at 0x000002B89D451210>,0.0714407291306843
60,CN1C=NC2=C1C(=O)N(C)C(=O)N2C,CC1=CC=C(I)C=C1,1,1,0,<rdkit.Chem.rdchem.Mol object at 0x000002B89D451270>,0.12462321824702598
61,CN1C=NC2=C1C(=O)N(C)C(=O)N2C,CC#CCl,1,1,0,<rdkit.Chem.rdchem.Mol object at 0x000002B89D4512D0>,0.04666989682285904
62,CN1C=NC2=C1C(=O)N(C)C(=O)N2C,CC1=CC=CC(I)=C1,1,1,0,<rdkit.Chem.rdchem.Mol object at 0x000002B89D451330>,0.11525245333448707
63,CN1C=NC2=C1C(=O)N(C)C(=O)N2C,CC1=CC=CC=C1,1,1,0,<rdkit.Chem.rdchem.Mol object at 0x000002B89D451390>,0.12935114730403904
64,CN1C=NC2=C1C(=O)N(C)C(=O)N2C,N#CCCl,1,1,0,<rdkit.Chem.rdchem.Mol object at 0x000002B89D4513F0>,0.05192368234431836
65,CN1C=NC2=C1C(=O)N(C)C(=O)N2C,C1=CN=CS1,1,1,0,<rdkit.Chem.rdchem.Mol object at 0x000002B89D451450>,0.043321028589985384
66,CN1C=NC2=C1C(=O)N(C)C(=O)N2C,IC1=CC(Cl)=CC(F)=C1,1,1,0,<rdkit.Chem.rdchem.Mol object at 0x000002B89D4514B0>,0.10331819012090462
67,CN1C=NC2=C1C(=O)N(C)C(=O)N2C,CCC1=CC=C(C)C(C)=C1,1,1,0,<rdkit.Chem.rdchem.Mol object at 0x000002B89D451510>,0.10180586277543646
68,CN1C=NC2=C1C(=O)N(C)C(=O)N2C,CC1=CC=CC(C)=C1F,1,1,0,<rdkit.Chem.rdchem.Mol object at 0x000002B89D451570>,0.11295107394017215
69,CN1C=NC2=C1C(=O)N(C)C(=O)N2C,CCCC(C)=CC,1,1,0,<rdkit.Chem.rdchem.Mol object at 0x000002B89D4515D0>,0.0681883995801523
70,CN1C=NC2=C1C(=O)N(C)C(=O)N2C,N#CC1=CC=C(F)C(F)=C1,1,1,0,<rdkit.Chem.rdchem.Mol object at 0x000002B89D451630>,0.09636534210508527
71,CN1C=NC2=C1C(=O)N(C)C(=O)N2C,IC1=CC=C(C)C(I)=C1,1,1,0,<rdkit.Chem.rdchem.Mol object at 0x000002B89D451690>,0.1028613204722477
72,CN1C=NC2=C1C(=O)N(C)C(=O)N2C,CC1=NC=CS1,1,1,0,<rdkit.Chem.rdchem.Mol object at 0x000002B89D4516F0>,0.04208183433326563
73,CN1C=NC2=C1C(=O)N(C)C(=O)N2C,CCC(C)CCC,1,1,0,<rdkit.Chem.rdchem.Mol object at 0x000002B89D451750>,0.08054608359477958
74,CN1C=NC2=C1C(=O)N(C)C(=O)N2C,CN1CCCC1,1,1,0,<rdkit.Chem.rdchem.Mol object at 0x000002B89D4517B0>,0.04735969458631123
75,CN1C=NC2=C1C(=O)N(C)C(=O)N2C,ICC(=O)O,1,1,0,<rdkit.Chem.rdchem.Mol object at 0x000002B89D451810>,0.04740924804114027
76,CN1C=NC2=C1C(=O)N(C)C(=O)N2C,O=C1C=CC=C1Cl,1,1,0,<rdkit.Chem.rdchem.Mol object at 0x000002B89D451870>,0.047373868501761195
77,CN1C=NC2=C1C(=O)N(C)C(=O)N2C,N#CCCF,1,1,0,<rdkit.Chem.rdchem.Mol object at 0x000002B89D4518D0>,0.06494503998722419
78,CN1C=NC2=C1C(=O)N(C)C(=O)N2C,IC1=CC=C(C2=CC=CC=C2)C=C1,1,1,0,<rdkit.Chem.rdchem.Mol object at 0x000002B89D451930>,0.07443052044007833
79,CN1C=NC2=C1C(=O)N(C)C(=O)N2C,C1CCCC1,1,1,0,<rdkit.Chem.rdchem.Mol object at 0x000002B89D451990>,0.07873787255195817
80,CN1C=NC2=C1C(=O)N(C)C(=O)N2C,O=C1C=CC=C1F,1,1,0,<rdkit.Chem.rdchem.Mol object at 0x000002B89D4519F0>,0.047881303625517034
81,CN1C=NC2=C1C(=O)N(C)C(=O)N2C,C=CCC#CC(=O)O,1,1,0,<rdkit.Chem.rdchem.Mol object at 0x000002B89D451A50>,0.051163661927581594
82,CN1C=NC2=C1C(=O)N(C)C(=O)N2C,CC1CCCC1,1,1,0,<rdkit.Chem.rdchem.Mol object at 0x000002B89D451AB0>,0.07803851376636094
83,CN1C=NC2=C1C(=O)N(C)C(=O)N2C,CC1=CC=CC=C1Br,1,1,0,<rdkit.Chem.rdchem.Mol object at 0x000002B89D451B10>,0.11433465201805036
84,CN1C=NC2=C1C(=O)N(C)C(=O)N2C,IC1=CC=C(Br)C(F)=C1,1,1,0,<rdkit.Chem.rdchem.Mol object at 0x000002B89D451B70>,0.09836695019161149
85,CN1C=NC2=C1C(=O)N(C)C(=O)N2C,BrC1=CC=C(F)C=C1,1,1,0,<rdkit.Chem.rdchem.Mol object at 0x000002B89D451BD0>,0.11950529583080688
86,CN1C=NC2=C1C(=O)N(C)C(=O)N2C,CC#CC#CC#N,1,1,0,<rdkit.Chem.rdchem.Mol object at 0x000002B89D451C30>,0.04778382357616943
87,CN1C=NC2=C1C(=O)N(C)C(=O)N2C,CC1=CC=CC(Cl)=C1C,1,1,0,<rdkit.Chem.rdchem.Mol object at 0x000002B89D451C90>,0.10152332612167546
88,CN1C=NC2=C1C(=O)N(C)C(=O)N2C,FC1=CC=CC(C(F)(F)F)=C1,1,1,0,<rdkit.Chem.rdchem.Mol object at 0x000002B89D451CF0>,0.09688430352482282
89,CN1C=NC2=C1C(=O)N(C)C(=O)N2C,FC(F)(Cl)C1=CC=CC=C1,1,1,0,<rdkit.Chem.rdchem.Mol object at 0x000002B89D451D50>,0.08254841279766509
90,CN1C=NC2=C1C(=O)N(C)C(=O)N2C,IC1=CC=CC=C1C#N,1,1,0,<rdkit.Chem.rdchem.Mol object at 0x000002B89D451DB0>,0.09863614918301421
91,CN1C=NC2=C1C(=O)N(C)C(=O)N2C,CC(=S)C1CCCC1,1,1,0,<rdkit.Chem.rdchem.Mol object at 0x000002B89D451E10>,0.04715185089391247
92,CN1C=NC2=C1C(=O)N(C)C(=O)N2C,NC(F)Cl,1,1,0,<rdkit.Chem.rdchem.Mol object at 0x000002B89D451E70>,0.01954995563969572
93,CN1C=NC2=C1C(=O)N(C)C(=O)N2C,CC(C)(C)CCl,1,1,0,<rdkit.Chem.rdchem.Mol object at 0x000002B89D451ED0>,0.057054369345725026
94,CN1C=NC2=C1C(=O)N(C)C(=O)N2C,CC1=CC=CC(Cl)=C1,1,1,0,<rdkit.Chem.rdchem.Mol object at 0x000002B89D451F30>,0.12237478510385644
95,CN1C=NC2=C1C(=O)N(C)C(=O)N2C,C1=CC=NC=C1,1,1,0,<rdkit.Chem.rdchem.Mol object at 0x000002B89D451F90>,0.07923953503362723
96,CN1C=NC2=C1C(=O)N(C)C(=O)N2C,CCC(C)=CCC,1,1,0,<rdkit.Chem.rdchem.Mol object at 0x000002B89D45F030>,0.06570321601228377
97,CN1C=NC2=C1C(=O)N(C)C(=O)N2C,O=C1C=CC=C(Br)C=C1,1,1,0,<rdkit.Chem.rdchem.Mol object at 0x000002B89D45F090>,0.06945819379248053
98,CN1C=NC2=C1C(=O)N(C)C(=O)N2C,C1=CC=C(C2=CC=CC=C2)C=C1,1,1,0,<rdkit.Chem.rdchem.Mol object at 0x000002B89D45F0F0>,0.06892405471212022
99,CN1C=NC2=C1C(=O)N(C)C(=O)N2C,C1=CC=CC(Br)=C1,1,1,0,<rdkit.Chem.rdchem.Mol object at 0x000002B89D45F150>,0.1065227030300987
100,CN1C=NC2=C1C(=O)N(C)C(=O)N2C,C1=CC=CC(C)=C1,1,1,0,<rdkit.Chem.rdchem.Mol object at 0x000002B89D45F1B0>,0.12935114730403904
101,CN1C=NC2=C1C(=O)N(C)C(=O)N2C,CC1=CC=CC(Br)=C1,1,1,0,<rdkit.Chem.rdchem.Mol object at 0x000002B89D45F210>,0.11567442422696392
102,CN1C=NC2=C1C(=O)N(C)C(=O)N2C,CC(=S)C1=CC=CS1,1,1,0,<rdkit.Chem.rdchem.Mol object at 0x000002B89D45F270>,0.05212748228919206
103,CN1C=NC2=C1C(=O)N(C)C(=O)N2C,IC1=CC(F)=CC(Cl)=C1,1,1,0,<rdkit.Chem.rdchem.Mol object at 0x000002B89D45F2D0>,0.10331819012090462
104,CN1C=NC2=C1C(=O)N(C)C(=O)N2C,IC1=CC=C(F)C=C1Cl,1,1,0,<rdkit.Chem.rdchem.Mol object at 0x000002B89D45F330>,0.09939765668173076
105,CN1C=NC2=C1C(=O)N(C)C(=O)N2C,C1CCC(C)=C1C,1,1,0,<rdkit.Chem.rdchem.Mol object at 0x000002B89D45F390>,0.06906149611595366
106,CN1C=NC2=C1C(=O)N(C)C(=O)N2C,ClC1=CC=CC=N1,1,1,0,<rdkit.Chem.rdchem.Mol object at 0x000002B89D45F3F0>,0.07066081822633406
107,CN1C=NC2=C1C(=O)N(C)C(=O)N2C,C1=CC=CC=C1F,1,1,0,<rdkit.Chem.rdchem.Mol object at 0x000002B89D45F450>,0.11415177138551444
108,CN1C=NC2=C1C(=O)N(C)C(=O)N2C,C1=CCC(C)(C)C1,1,1,0,<rdkit.Chem.rdchem.Mol object at 0x000002B89D45F4B0>,0.06867971395454667
109,CN1C=NC2=C1C(=O)N(C)C(=O)N2C,BrC1=CN=CC=C1I,1,1,0,<rdkit.Chem.rdchem.Mol object at 0x000002B89D45F510>,0.06910922677035813
110,CN1C=NC2=C1C(=O)N(C)C(=O)N2C,CC1=CC=C(Cl)C=C1,1,1,0,<rdkit.Chem.rdchem.Mol object at 0x000002B89D45F570>,0.1284203842038254
111,CN1C=NC2=C1C(=O)N(C)C(=O)N2C,C1=CC=C(F)C=C1,1,1,0,<rdkit.Chem.rdchem.Mol object at 0x000002B89D45F5D0>,0.11415177138551444
112,CN1C=NC2=C1C(=O)N(C)C(=O)N2C,COC(=O)C=CC(=O)O,1,1,0,<rdkit.Chem.rdchem.Mol object at 0x000002B89D45F630>,0.041466490603123254
113,CN1C=NC2=C1C(=O)N(C)C(=O)N2C,ClC1=CC=CC=C1,1,1,0,<rdkit.Chem.rdchem.Mol object at 0x000002B89D45F690>,0.10800796538932662
114,CN1C=NC2=C1C(=O)N(C)C(=O)N2C,ClC1=CC=C(Br)C=C1,1,1,0,<rdkit.Chem.rdchem.Mol object at 0x000002B89D45F6F0>,0.11086743767070005
115,CN1C=NC2=C1C(=O)N(C)C(=O)N2C,CC1=CC=CC(C)=C1,1,1,0,<rdkit.Chem.rdchem.Mol object at 0x000002B89D45F750>,0.12385277516053236
116,CN1C=NC2=C1C(=O)N(C)C(=O)N2C,CC1=CC(C)=CC=C1,1,1,0,<rdkit.Chem.rdchem.Mol object at 0x000002B89D45F7B0>,0.12385277516053236
117,CN1C=NC2=C1C(=O)N(C)C(=O)N2C,CCC(C)(C)CC,1,1,0,<rdkit.Chem.rdchem.Mol object at 0x000002B89D45F810>,0.07462165731330204
118,CN1C=NC2=C1C(=O)N(C)C(=O)N2C,CC(C)CCC,1,1,0,<rdkit.Chem.rdchem.Mol object at 0x000002B89D45F870>,0.0840933190463437
119,CN1C=NC2=C1C(=O)N(C)C(=O)N2C,O=C(O)CC#CC#N,1,1,0,<rdkit.Chem.rdchem.Mol object at 0x000002B89D45F8D0>,0.05149082131139599
120,CN1C=NC2=C1C(=O)N(C)C(=O)N2C,CC#CC#N,1,1,0,<rdkit.Chem.rdchem.Mol object at 0x000002B89D45F930>,0.055661533822439435
121,CN1C=NC2=C1C(=O)N(C)C(=O)N2C,C1=CC=C(Br)C=C1,1,1,0,<rdkit.Chem.rdchem.Mol object at 0x000002B89D45F990>,0.1065227030300987
122,CN1C=NC2=C1C(=O)N(C)C(=O)N2C,N#CC1=CC=C(F)C=C1,1,1,0,<rdkit.Chem.rdchem.Mol object at 0x000002B89D45F9F0>,0.11473893892771571
123,CN1C=NC2=C1C(=O)N(C)C(=O)N2C,BrC1=CC=CC(F)=C1F,1,1,0,<rdkit.Chem.rdchem.Mol object at 0x000002B89D45FA50>,0.08989041718959158
124,CN1C=NC2=C1C(=O)N(C)C(=O)N2C,CC(C)(CI)CCI,1,1,0,<rdkit.Chem.rdchem.Mol object at 0x000002B89D45FAB0>,0.05241656026212076
125,CN1C=NC2=C1C(=O)N(C)C(=O)N2C,IC(=O)C1=CC=CC=C1,1,1,0,<rdkit.Chem.rdchem.Mol object at 0x000002B89D45FB10>,0.08808032197100288
126,CN1C=NC2=C1C(=O)N(C)C(=O)N2C,BrC1=CC=CN=C1,1,1,0,<rdkit.Chem.rdchem.Mol object at 0x000002B89D45FB70>,0.07603978162846387
127,CN1C=NC2=C1C(=O)N(C)C(=O)N2C,ICC(O)Cl,1,1,0,<rdkit.Chem.rdchem.Mol object at 0x000002B89D45FBD0>,0.039696929701464115
128,CN1C=NC2=C1C(=O)N(C)C(=O)N2C,Br,1,1,0,<rdkit.Chem.rdchem.Mol object at 0x000002B89D45FC30>,0.011904761904761904
129,CN1C=NC2=C1C(=O)N(C)C(=O)N2C,IC1=CC(Cl)=CC=C1Br,1,1,0,<rdkit.Chem.rdchem.Mol object at 0x000002B89D45FC90>,0.0937300968992397
130,CN1C=NC2=C1C(=O)N(C)C(=O)N2C,O=C(O)Cl,1,1,0,<rdkit.Chem.rdchem.Mol object at 0x000002B89D45FCF0>,0.025951434838372346
131,CN1C=NC2=C1C(=O)N(C)C(=O)N2C,CC1CCC=C1,1,1,0,<rdkit.Chem.rdchem.Mol object at 0x000002B89D45FD50>,0.07425533539440023
132,CN1C=NC2=C1C(=O)N(C)C(=O)N2C,C=C(C)C1CCCC1,1,1,0,<rdkit.Chem.rdchem.Mol object at 0x000002B89D45FDB0>,0.05455686866227753
133,CN1C=NC2=C1C(=O)N(C)C(=O)N2C,C1=CC(Cl)=CC(F)=C1,1,1,0,<rdkit.Chem.rdchem.Mol object at 0x000002B89D45FE10>,0.11380958093495018
134,CN1C=NC2=C1C(=O)N(C)C(=O)N2C,CC1=CC=C2SC=CC2=C1,1,1,0,<rdkit.Chem.rdchem.Mol object at 0x000002B89D45FE70>,0.0681762160166364
135,CN1C=NC2=C1C(=O)N(C)C(=O)N2C,C1C=CCCCC1,1,1,0,<rdkit.Chem.rdchem.Mol object at 0x000002B89D45FED0>,0.07134473371315372
136,CN1C=NC2=C1C(=O)N(C)C(=O)N2C,ICC(C)=O,1,1,0,<rdkit.Chem.rdchem.Mol object at 0x000002B89D45FF30>,0.056962776550657325
137,CN1C=NC2=C1C(=O)N(C)C(=O)N2C,IC1=CC=CN=C1,1,1,0,<rdkit.Chem.rdchem.Mol object at 0x000002B89D45FF90>,0.07447504412241542
138,CN1C=NC2=C1C(=O)N(C)C(=O)N2C,BrC1CCCC1,1,1,0,<rdkit.Chem.rdchem.Mol object at 0x000002B89D467030>,0.05344424148218553
139,CN1C=NC2=C1C(=O)N(C)C(=O)N2C,C1CCCCC=C1,1,1,0,<rdkit.Chem.rdchem.Mol object at 0x000002B89D467090>,0.07134473371315372
140,CN1C=NC2=C1C(=O)N(C)C(=O)N2C,ClC1=CC=C(Cl)C=C1,1,1,0,<rdkit.Chem.rdchem.Mol object at 0x000002B89D4670F0>,0.10148260077355414
141,CN1C=NC2=C1C(=O)N(C)C(=O)N2C,C1=CC=CC(C2=CC=CC=C2)=C1,1,1,0,<rdkit.Chem.rdchem.Mol object at 0x000002B89D467150>,0.06892405471212022
142,CN1C=NC2=C1C(=O)N(C)C(=O)N2C,BrC1=CC=CC=C1,1,1,0,<rdkit.Chem.rdchem.Mol object at 0x000002B89D4671B0>,0.1065227030300987
143,CN1C=NC2=C1C(=O)N(C)C(=O)N2C,CCCC1=CC=C(C)C=C1,1,1,0,<rdkit.Chem.rdchem.Mol object at 0x000002B89D467210>,0.10833595021124821
144,CN1C=NC2=C1C(=O)N(C)C(=O)N2C,CCC(C)(C)Cl,1,1,0,<rdkit.Chem.rdchem.Mol object at 0x000002B89D467270>,0.07087391303868835
145,CN1C=NC2=C1C(=O)N(C)C(=O)N2C,CCC1=CC=C(C)C=C1,1,1,0,<rdkit.Chem.rdchem.Mol object at 0x000002B89D4672D0>,0.11614545332790217
146,CN1C=NC2=C1C(=O)N(C)C(=O)N2C,CCC#N,1,1,0,<rdkit.Chem.rdchem.Mol object at 0x000002B89D467330>,0.06855041751741894
147,CN1C=NC2=C1C(=O)N(C)C(=O)N2C,CC#N,1,1,0,<rdkit.Chem.rdchem.Mol object at 0x000002B89D467390>,0.05254825036391333
148,CN1C=NC2=C1C(=O)N(C)C(=O)N2C,O=C1C=CC=CS1,1,1,0,<rdkit.Chem.rdchem.Mol object at 0x000002B89D4673F0>,0.04871980641034403
149,CN1C=NC2=C1C(=O)N(C)C(=O)N2C,CC1=CC=C(F)C=C1,1,1,0,<rdkit.Chem.rdchem.Mol object at 0x000002B89D467450>,0.1321988945107105
150,CN1C=NC2=C1C(=O)N(C)C(=O)N2C,FC1=CC=C(C2=CC=CC=C2)C=C1,1,1,0,<rdkit.Chem.rdchem.Mol object at 0x000002B89D4674B0>,0.0802747895395212
151,CN1C=NC2=C1C(=O)N(C)C(=O)N2C,CCC(C)Cl,1,1,0,<rdkit.Chem.rdchem.Mol object at 0x000002B89D467510>,0.07100825900082804
152,CN1C=NC2=C1C(=O)N(C)C(=O)N2C,Cl,1,1,0,<rdkit.Chem.rdchem.Mol object at 0x000002B89D467570>,0.011904761904761904
153,CN1C=NC2=C1C(=O)N(C)C(=O)N2C,ICC1=CC=C(C)C=C1,1,1,0,<rdkit.Chem.rdchem.Mol object at 0x000002B89D4675D0>,0.10083165373667406
154,CN1C=NC2=C1C(=O)N(C)C(=O)N2C,FC1=CC=C(F)C=C1F,1,1,0,<rdkit.Chem.rdchem.Mol object at 0x000002B89D467630>,0.08651667697249928
155,CN1C=NC2=C1C(=O)N(C)C(=O)N2C,NC(=O)Cl,1,1,0,<rdkit.Chem.rdchem.Mol object at 0x000002B89D467690>,0.022856747251649934
156,CN1C=NC2=C1C(=O)N(C)C(=O)N2C,CCCCCC,1,1,0,<rdkit.Chem.rdchem.Mol object at 0x000002B89D4676F0>,0.08586123573328046
157,CN1C=NC2=C1C(=O)N(C)C(=O)N2C,C1=CC=C2C=C(Br)C=CC2=C1,1,1,0,<rdkit.Chem.rdchem.Mol object at 0x000002B89D467750>,0.08866891440962388
158,CN1C=NC2=C1C(=O)N(C)C(=O)N2C,FC1=CC(Cl)=CC=C1S,1,1,0,<rdkit.Chem.rdchem.Mol object at 0x000002B89D4677B0>,0.08448429645178701
159,CN1C=NC2=C1C(=O)N(C)C(=O)N2C,C#CC#CC#N,1,1,0,<rdkit.Chem.rdchem.Mol object at 0x000002B89D467810>,0.05000999176752162
160,CN1C=NC2=C1C(=O)N(C)C(=O)N2C,FC(F)(F)F,1,1,0,<rdkit.Chem.rdchem.Mol object at 0x000002B89D467870>,0.011523568662275083
161,CN1C=NC2=C1C(=O)N(C)C(=O)N2C,BrC1=CC=CC=N1,1,1,0,<rdkit.Chem.rdchem.Mol object at 0x000002B89D4678D0>,0.07205443737942172
162,CN1C=NC2=C1C(=O)N(C)C(=O)N2C,IC1=CC=C(Cl)C=C1,1,1,0,<rdkit.Chem.rdchem.Mol object at 0x000002B89D467930>,0.10694622475458809
163,CN1C=NC2=C1C(=O)N(C)C(=O)N2C,CC1=CC=C(C#CC)C=C1,1,1,0,<rdkit.Chem.rdchem.Mol object at 0x000002B89D467990>,0.09667994264616686
164,CN1C=NC2=C1C(=O)N(C)C(=O)N2C,O=C1C=C(Cl)C(F)=CC(I)=C1I,1,1,0,<rdkit.Chem.rdchem.Mol object at 0x000002B89D4679F0>,0.06614096920097941
165,CN1C=NC2=C1C(=O)N(C)C(=O)N2C,ClC1=CC=C1C1=CC=CC=C1,1,1,0,<rdkit.Chem.rdchem.Mol object at 0x000002B89D467A50>,0.06798181779326293
166,CN1C=NC2=C1C(=O)N(C)C(=O)N2C,FC(F)(F)C,1,1,0,<rdkit.Chem.rdchem.Mol object at 0x000002B89D467AB0>,0.03847004080462394
167,CN1C=NC2=C1C(=O)N(C)C(=O)N2C,CC(C)(C)CC,1,1,0,<rdkit.Chem.rdchem.Mol object at 0x000002B89D467B10>,0.07349827318264772
168,CN1C=NC2=C1C(=O)N(C)C(=O)N2C,C=CC1=CC=C(C)C(Br)=C1,1,1,0,<rdkit.Chem.rdchem.Mol object at 0x000002B89D467B70>,0.09098831045531387
169,CN1C=NC2=C1C(=O)N(C)C(=O)N2C,CC1=CC=CC=C1CS,1,1,0,<rdkit.Chem.rdchem.Mol object at 0x000002B89D467BD0>,0.09224246346017687
170,CN1C=NC2=C1C(=O)N(C)C(=O)N2C,FC1=CC=C(Br)C=C1,1,1,0,<rdkit.Chem.rdchem.Mol object at 0x000002B89D467C30>,0.11950529583080688
171,CN1C=NC2=C1C(=O)N(C)C(=O)N2C,CC(=O)CS,1,1,0,<rdkit.Chem.rdchem.Mol object at 0x000002B89D467C90>,0.05291236846084002
172,CN1C=NC2=C1C(=O)N(C)C(=O)N2C,C1=CC=CC=C1,1,1,0,<rdkit.Chem.rdchem.Mol object at 0x000002B89D467CF0>,0.08667496256086187
173,CN1C=NC2=C1C(=O)N(C)C(=O)N2C,C#CCCl,1,1,0,<rdkit.Chem.rdchem.Mol object at 0x000002B89D467D50>,0.046545446746340244
174,CN1C=NC2=C1C(=O)N(C)C(=O)N2C,N#CCCBr,1,1,0,<rdkit.Chem.rdchem.Mol object at 0x000002B89D467DB0>,0.0557666968893648
175,CN1C=NC2=C1C(=O)N(C)C(=O)N2C,IC1=CC=CC1=O,1,1,0,<rdkit.Chem.rdchem.Mol object at 0x000002B89D467E10>,0.041766275648866605
176,CN1C=NC2=C1C(=O)N(C)C(=O)N2C,IC(=O)C(=O)O,1,1,0,<rdkit.Chem.rdchem.Mol object at 0x000002B89D467E70>,0.04162363097098631
177,CN1C=NC2=C1C(=O)N(C)C(=O)N2C,IC1=CC(Cl)=CC=C1F,1,1,0,<rdkit.Chem.rdchem.Mol object at 0x000002B89D467ED0>,0.10204144555639405
178,CN1C=NC2=C1C(=O)N(C)C(=O)N2C,CC(C)(Cl)CCC,1,1,0,<rdkit.Chem.rdchem.Mol object at 0x000002B89D467F30>,0.06822792822137294
179,CN1C=NC2=C1C(=O)N(C)C(=O)N2C,CCCC(C)C,1,1,0,<rdkit.Chem.rdchem.Mol object at 0x000002B89D467F90>,0.0840933190463437
180,CN1C=NC2=C1C(=O)N(C)C(=O)N2C,C1CCN(C)C1,1,1,0,<rdkit.Chem.rdchem.Mol object at 0x000002B89D486030>,0.04735969458631123
181,CN1C=NC2=C1C(=O)N(C)C(=O)N2C,C1=CN=CC=C1,1,1,0,<rdkit.Chem.rdchem.Mol object at 0x000002B89D486090>,0.07923953503362723
182,CN1C=NC2=C1C(=O)N(C)C(=O)N2C,C1=COC(Cl)=C1C,1,1,0,<rdkit.Chem.rdchem.Mol object at 0x000002B89D4860F0>,0.055531422743445816
183,CN1C=NC2=C1C(=O)N(C)C(=O)N2C,FC1(Cl)CCCC1,1,1,0,<rdkit.Chem.rdchem.Mol object at 0x000002B89D486150>,0.05103311138166526
184,CN1C=NC2=C1C(=O)N(C)C(=O)N2C,C#CCC#N,1,1,0,<rdkit.Chem.rdchem.Mol object at 0x000002B89D4861B0>,0.06257649910019551
185,CN1C=NC2=C1C(=O)N(C)C(=O)N2C,C1=CC=C(Cl)C=C1Cl,1,1,0,<rdkit.Chem.rdchem.Mol object at 0x000002B89D486210>,0.09675452636648257
186,CN1C=NC2=C1C(=O)N(C)C(=O)N2C,CN1C=CC=C1,1,1,0,<rdkit.Chem.rdchem.Mol object at 0x000002B89D486270>,0.05182213551560659
187,CN1C=NC2=C1C(=O)N(C)C(=O)N2C,IC1=CC=C(C)C(Cl)=C1,1,1,0,<rdkit.Chem.rdchem.Mol object at 0x000002B89D4862D0>,0.10635655452311191
188,CN1C=NC2=C1C(=O)N(C)C(=O)N2C,C1CCCCCCC1,1,1,0,<rdkit.Chem.rdchem.Mol object at 0x000002B89D486330>,0.0811169646611655
189,CN1C=NC2=C1C(=O)N(C)C(=O)N2C,CC1=CC=C1C1=CC=CC(C)=C1,1,1,0,<rdkit.Chem.rdchem.Mol object at 0x000002B89D486390>,0.06911121694489862
190,CN1C=NC2=C1C(=O)N(C)C(=O)N2C,O=S,1,1,0,<rdkit.Chem.rdchem.Mol object at 0x000002B89D4863F0>,0.004824813188285159
191,CN1C=NC2=C1C(=O)N(C)C(=O)N2C,IC(=O)CC(=O)O,1,1,0,<rdkit.Chem.rdchem.Mol object at 0x000002B89D486450>,0.04508472360428224
192,CN1C=NC2=C1C(=O)N(C)C(=O)N2C,C1=CC=CC=C1Br,1,1,0,<rdkit.Chem.rdchem.Mol object at 0x000002B89D4864B0>,0.1065227030300987
193,CN1C=NC2=C1C(=O)N(C)C(=O)N2C,IC1=CC=CC(C#C)=C1,1,1,0,<rdkit.Chem.rdchem.Mol object at 0x000002B89D486510>,0.09801648628214372
194,CN1C=NC2=C1C(=O)N(C)C(=O)N2C,CN(C)C1=CC=CC(F)=C1,1,1,0,<rdkit.Chem.rdchem.Mol object at 0x000002B89D486570>,0.07352304009983074
195,CN1C=NC2=C1C(=O)N(C)C(=O)N2C,C1=CC=CC(I)=C1,1,1,0,<rdkit.Chem.rdchem.Mol object at 0x000002B89D4865D0>,0.10292578994217573
196,CN1C=NC2=C1C(=O)N(C)C(=O)N2C,O=P1OIC1=O,1,1,0,<rdkit.Chem.rdchem.Mol object at 0x000002B89D486630>,0.020333472054605096
197,CN1C=NC2=C1C(=O)N(C)C(=O)N2C,CCC(C)=CCCC,1,1,0,<rdkit.Chem.rdchem.Mol object at 0x000002B89D486690>,0.06353730474461411
198,CN1C=NC2=C1C(=O)N(C)C(=O)N2C,ClC1=CC=C(C2=CC=CC=C2)C=C1,1,1,0,<rdkit.Chem.rdchem.Mol object at 0x000002B89D4866F0>,0.08047086721207895
199,CN1C=NC2=C1C(=O)N(C)C(=O)N2C,IC1CCCC1,1,1,0,<rdkit.Chem.rdchem.Mol object at 0x000002B89D486750>,0.05873953901871044
200,CN1C=NC2=C1C(=O)N(C)C(=O)N2C,ClC1=CN=CC=C1,1,1,0,<rdkit.Chem.rdchem.Mol object at 0x000002B89D4867B0>,0.08041983519341069
201,CN1C=NC2=C1C(=O)N(C)C(=O)N2C,IC1=CC=NC=C1,1,1,0,<rdkit.Chem.rdchem.Mol object at 0x000002B89D486810>,0.08043130590245477
202,CN1C=NC2=C1C(=O)N(C)C(=O)N2C,C1=CC=C(C)C(Cl)=C1,1,1,0,<rdkit.Chem.rdchem.Mol object at 0x000002B89D486870>,0.11798368346736693
203,CN1C=NC2=C1C(=O)N(C)C(=O)N2C,BrC1=CC=CC(F)=C1,1,1,0,<rdkit.Chem.rdchem.Mol object at 0x000002B89D4868D0>,0.11043849920115516
204,CN1C=NC2=C1C(=O)N(C)C(=O)N2C,C#CC(C)(C)C,1,1,0,<rdkit.Chem.rdchem.Mol object at 0x000002B89D486930>,0.058114251787112964
205,CN1C=NC2=C1C(=O)N(C)C(=O)N2C,N#CC(C#N)=S,1,1,0,<rdkit.Chem.rdchem.Mol object at 0x000002B89D486990>,0.05353958011717774
206,CN1C=NC2=C1C(=O)N(C)C(=O)N2C,ICCCCCCCCCCCCCS,1,1,0,<rdkit.Chem.rdchem.Mol object at 0x000002B89D4869F0>,0.061700363207036556
207,CN1C=NC2=C1C(=O)N(C)C(=O)N2C,ClC1=CC=C(F)C=C1F,1,1,0,<rdkit.Chem.rdchem.Mol object at 0x000002B89D486A50>,0.09539212549388786
208,CN1C=NC2=C1C(=O)N(C)C(=O)N2C,FC1=CC=CC(Cl)=C1,1,1,0,<rdkit.Chem.rdchem.Mol object at 0x000002B89D486AB0>,0.11380958093495018
209,CN1C=NC2=C1C(=O)N(C)C(=O)N2C,CCCC(C)=CCC,1,1,0,<rdkit.Chem.rdchem.Mol object at 0x000002B89D486B10>,0.06710692549659442
210,CN1C=NC2=C1C(=O)N(C)C(=O)N2C,CC1=CC=C(Br)C(F)=C1,1,1,0,<rdkit.Chem.rdchem.Mol object at 0x000002B89D486B70>,0.1137386566199445
211,CN1C=NC2=C1C(=O)N(C)C(=O)N2C,CCCCC(C)Cl,1,1,0,<rdkit.Chem.rdchem.Mol object at 0x000002B89D486BD0>,0.06765338507424418
212,CN1C=NC2=C1C(=O)N(C)C(=O)N2C,SF,1,1,0,<rdkit.Chem.rdchem.Mol object at 0x000002B89D486C30>,0.004482103542834346
213,CN1C=NC2=C1C(=O)N(C)C(=O)N2C,BrC1=CC=CC=C1Br,1,1,0,<rdkit.Chem.rdchem.Mol object at 0x000002B89D486C90>,0.09113399089720735
214,CN1C=NC2=C1C(=O)N(C)C(=O)N2C,CCCC(C)Cl,1,1,0,<rdkit.Chem.rdchem.Mol object at 0x000002B89D486CF0>,0.07148293193328122
215,CN1C=NC2=C1C(=O)N(C)C(=O)N2C,O=CC1=CC(F)=CC(F)=C1F,1,1,0,<rdkit.Chem.rdchem.Mol object at 0x000002B89D486D50>,0.08299032644674842
216,CN1C=NC2=C1C(=O)N(C)C(=O)N2C,C1=CC=CC=C1I,1,1,0,<rdkit.Chem.rdchem.Mol object at 0x000002B89D486DB0>,0.10292578994217573
217,CN1C=NC2=C1C(=O)N(C)C(=O)N2C,C1=CC=CS1,1,1,0,<rdkit.Chem.rdchem.Mol object at 0x000002B89D486E10>,0.0542787507421052
218,CN1C=NC2=C1C(=O)N(C)C(=O)N2C,ICC(C)(C)C,1,1,0,<rdkit.Chem.rdchem.Mol object at 0x000002B89D486E70>,0.05560274870070244
219,CN1C=NC2=C1C(=O)N(C)C(=O)N2C,O=C1C=C(Cl)C(Cl)=C(Cl)C1=O,1,1,0,<rdkit.Chem.rdchem.Mol object at 0x000002B89D486ED0>,0.038418281717771945
220,CN1C=NC2=C1C(=O)N(C)C(=O)N2C,BrC1=CC=CC=C1F,1,1,0,<rdkit.Chem.rdchem.Mol object at 0x000002B89D486F30>,0.1108952822281105
221,CN1C=NC2=C1C(=O)N(C)C(=O)N2C,FC1=CC=C(Cl)C=C1,1,1,0,<rdkit.Chem.rdchem.Mol object at 0x000002B89D486F90>,0.11933179268609245
222,CN1C=NC2=C1C(=O)N(C)C(=O)N2C,BrC1=CC2=CC=CC=C2C=C1,1,1,0,<rdkit.Chem.rdchem.Mol object at 0x000002B89D4A8030>,0.08866891440962388
223,CN1C=NC2=C1C(=O)N(C)C(=O)N2C,CC1=CN=CS1,1,1,0,<rdkit.Chem.rdchem.Mol object at 0x000002B89D4A8090>,0.04422870401227694
224,CN1C=NC2=C1C(=O)N(C)C(=O)N2C,N#CC#CC#N,1,1,0,<rdkit.Chem.rdchem.Mol object at 0x000002B89D4A80F0>,0.053158653744270805
225,CN1C=NC2=C1C(=O)N(C)C(=O)N2C,CCCCCCC,1,1,0,<rdkit.Chem.rdchem.Mol object at 0x000002B89D4A8150>,0.0846765225529573
226,CN1C=NC2=C1C(=O)N(C)C(=O)N2C,CC(C)(Cl)CS,1,1,0,<rdkit.Chem.rdchem.Mol object at 0x000002B89D4A81B0>,0.05100555811026847
227,CN1C=NC2=C1C(=O)N(C)C(=O)N2C,BrC1=CC=NC=C1,1,1,0,<rdkit.Chem.rdchem.Mol object at 0x000002B89D4A8210>,0.07688529073344057
228,CN1C=NC2=C1C(=O)N(C)C(=O)N2C,C#N,1,1,0,<rdkit.Chem.rdchem.Mol object at 0x000002B89D4A8270>,0.014974113417919786
229,CN1C=NC2=C1C(=O)N(C)C(=O)N2C,CCCCCCS,1,1,0,<rdkit.Chem.rdchem.Mol object at 0x000002B89D4A82D0>,0.06475066626845495
230,CN1C=NC2=C1C(=O)N(C)C(=O)N2C,C1=CC=C(Cl)C(Cl)=C1,1,1,0,<rdkit.Chem.rdchem.Mol object at 0x000002B89D4A8330>,0.09981426271501688
231,CN1C=NC2=C1C(=O)N(C)C(=O)N2C,C1=CC=C2C=C(C)CC2=C1,1,1,0,<rdkit.Chem.rdchem.Mol object at 0x000002B89D4A8390>,0.07518506170035198
232,CN1C=NC2=C1C(=O)N(C)C(=O)N2C,C#CC#CC(=O)O,1,1,0,<rdkit.Chem.rdchem.Mol object at 0x000002B89D4A83F0>,0.04170706700098985
233,CN1C=NC2=C1C(=O)N(C)C(=O)N2C,CC1=CC=C(Br)C(Cl)=C1,1,1,0,<rdkit.Chem.rdchem.Mol object at 0x000002B89D4A8450>,0.10942478626815325
234,CN1C=NC2=C1C(=O)N(C)C(=O)N2C,O=C(O)C=CC#N,1,1,0,<rdkit.Chem.rdchem.Mol object at 0x000002B89D4A84B0>,0.0499359783884474
235,CN1C=NC2=C1C(=O)N(C)C(=O)N2C,CCCC(C)=S,1,1,0,<rdkit.Chem.rdchem.Mol object at 0x000002B89D4A8510>,0.06111078736456692
236,CN1C=NC2=C1C(=O)N(C)C(=O)N2C,C1=CC=C2C=C(I)C=CC2=C1,1,1,0,<rdkit.Chem.rdchem.Mol object at 0x000002B89D4A8570>,0.08547398658407304
237,CN1C=NC2=C1C(=O)N(C)C(=O)N2C,C1=CC=C(Br)N=C1,1,1,0,<rdkit.Chem.rdchem.Mol object at 0x000002B89D4A85D0>,0.07205443737942172
238,CN1C=NC2=C1C(=O)N(C)C(=O)N2C,FC1=CC=CC=C1,1,1,0,<rdkit.Chem.rdchem.Mol object at 0x000002B89D4A8630>,0.11415177138551444
239,CN1C=NC2=C1C(=O)N(C)C(=O)N2C,FC1=CC=C(F)C=C1,1,1,0,<rdkit.Chem.rdchem.Mol object at 0x000002B89D4A8690>,0.10716506365479633
240,CN1C=NC2=C1C(=O)N(C)C(=O)N2C,C1=CC=C2C=CSC=C2S1,1,1,0,<rdkit.Chem.rdchem.Mol object at 0x000002B89D4A86F0>,0.03345262362096221
241,CN1C=NC2=C1C(=O)N(C)C(=O)N2C,FC1=CC=CC=C1Br,1,1,0,<rdkit.Chem.rdchem.Mol object at 0x000002B89D4A8750>,0.1108952822281105
242,CN1C=NC2=C1C(=O)N(C)C(=O)N2C,IC1=CC=C(F)C(C(F)(F)F)=C1,1,1,0,<rdkit.Chem.rdchem.Mol object at 0x000002B89D4A87B0>,0.0829324635275043
243,CN1C=NC2=C1C(=O)N(C)C(=O)N2C,O=S(O)=S,1,1,0,<rdkit.Chem.rdchem.Mol object at 0x000002B89D4A8810>,0.008591156547281495
244,CN1C=NC2=C1C(=O)N(C)C(=O)N2C,CC1=CC=C(C)C(CC)=C1,1,1,0,<rdkit.Chem.rdchem.Mol object at 0x000002B89D4A8870>,0.09719125557228883
245,CN1C=NC2=C1C(=O)N(C)C(=O)N2C,C1=CC=C(Br)C(Cl)=C1,1,1,0,<rdkit.Chem.rdchem.Mol object at 0x000002B89D4A88D0>,0.1040607255827865
246,CN1C=NC2=C1C(=O)N(C)C(=O)N2C,N#CC#CC(=O)O,1,1,0,<rdkit.Chem.rdchem.Mol object at 0x000002B89D4A8930>,0.056989307922348166
247,CN1C=NC2=C1C(=O)N(C)C(=O)N2C,CC(C)=C(C)C,1,1,0,<rdkit.Chem.rdchem.Mol object at 0x000002B89D4A8990>,0.057623407903483456
248,CN1C=NC2=C1C(=O)N(C)C(=O)N2C,CBr,1,1,0,<rdkit.Chem.rdchem.Mol object at 0x000002B89D4A89F0>,0.006601847736860279
249,CN1C=NC2=C1C(=O)N(C)C(=O)N2C,IC1=CC=CC(Br)=C1,1,1,0,<rdkit.Chem.rdchem.Mol object at 0x000002B89D4A8A50>,0.09696241539179411
250,CN1C=NC2=C1C(=O)N(C)C(=O)N2C,CCC(C)(Cl)C,1,1,0,<rdkit.Chem.rdchem.Mol object at 0x000002B89D4A8AB0>,0.07087391303868835
251,CN1C=NC2=C1C(=O)N(C)C(=O)N2C,NC(=S)Cl,1,1,0,<rdkit.Chem.rdchem.Mol object at 0x000002B89D4A8B10>,0.01964298175679468
